Frame,bbox1,bbox2,bbox3,bbox4,prediction
IMAG0004.JPG,0.028907,0.376629,0.100306,0.096977,Lion
IMAG0031.JPG,0.205621,0.33895,0.193585,0.171312,Wolf
